date,description,rating_badge,rating_score
2018å¹´08æœˆ29æ—¥,,ç„¡èˆ‡å€«æ¯”,10.0
2018å¹´08æœˆ23æ—¥,æ•´é«”ä¸¦æ²’æœ‰è¦ºå¾—ç‰¹åˆ¥å¥½ï¼Œä½å®¿å“è³ªè·Ÿæœå‹™ä¹Ÿæ²’æœ‰è³“è‡³å¦‚æ­¸çš„æ„Ÿè¦ºã€‚æœå‹™å“è³ªæœ‰å¾…åŠ å¼·ï¼ˆä¸å¤ è¦ªåˆ‡ï¼‰,è‰¯å¥½,6.0
2018å¹´08æœˆ08æ—¥,é¦™æ ¼é‡Œæ‹‰é…’åº—æ˜¯æˆ‘è¿™ä¹ˆå¤šå¹´æœ€å–œæ¬¢çš„é…’åº—ä¹‹ä¸€ï¼æˆ¿é—´å¤§è€Œæ¸©é¦¨â€¦,å¿ƒæ°´ä¹‹é¸,8.0
2018å¹´08æœˆ04æ—¥,outstanding staff service ! although the hotel is a little old and the swimming pool was really small. i will choose again this Hotel because they really care about the hosts.,ç„¡èˆ‡å€«æ¯”,10.0
2018å¹´06æœˆ24æ—¥,æœ€å·®çš„å…¥ä½ä½“éªŒäº†ï¼Œä¸€å…±ä½äº†3æ™šï¼Œåˆ°ç¬¬äºŒå¤©ä¸‹åˆç©ºè°ƒå°±åäº†ï¼Œé¦™æ¸¯30å¤šåº¦çš„å¤©ï¼Œåœ¨é…’åº—æ±—æµæµƒèƒŒï¼Œç„¶åŽæ™šä¸Š8ç‚¹è¯´ç©ºè°ƒä¿®å¥½äº†ï¼Œç„¶è€Œå¹¶æ²¡æœ‰ï¼Œç¬¬ä¸‰å¤©ä¸€ç›´åˆ°é€€æˆ¿ï¼Œé…’åº—çš„ç©ºè°ƒéƒ½æ˜¯åçš„ï¼ŒåŽ»å‰å°é—®ï¼Œåªæ˜¯è®©æˆ‘æŽ’åœ¨å‡†å¤‡checkinçš„é•¿é•¿é˜Ÿä¼åŽé¢ç­‰å¾…ï¼Œæ²¡æœ‰ä»»ä½•èµ”å¿æŽªæ–½ã€‚æ¥é¦™æ¸¯10å‡ æ¬¡ï¼Œä½è¿‡ä¸åŒçš„äº”æ˜Ÿçº§é…’åº—ï¼Œè¿™æ¬¡æ˜¯æœ€å·®çš„äº†ï¼Œè¿˜æœ‰è¿™æ¬¡ä½çš„æ¥¼å±‚æœ‰å¥½å¤šæˆ¿é—´åœ¨è£…ä¿®ï¼Œå‘³é“éžå¸¸åˆºé¼»ã€‚ä¹é¾™çš„é¦™æ ¼é‡Œæ‹‰æ˜¯ç›®å‰ä½è¿‡æœ€å·®çš„ï¼Œç®¡ç†æœåŠ¡éƒ½ä¸è¡Œï¼Œå”¯ä¸€çš„ä¼˜ç‚¹å°±æ˜¯æˆ¿é—´æ¯”è¾ƒå¤§äº†ã€‚æ€»ä¹‹æ˜¯éžå¸¸å·®çš„å…¥ä½ä½“éªŒã€‚,æœ‰å¾…æ”¹å–„,2.0
2018å¹´06æœˆ11æ—¥,"åœ°é»žok, æœå‹™å¾ˆå¥½ã€‚",ç„¡èˆ‡å€«æ¯”,10.0
2018å¹´05æœˆ13æ—¥,éžå¸¸ä»¤äººæ»¿æ„çš„æˆ¿é–“ï¼ç¾Žä¸­ä¸è¶³çš„åªæœ‰é›¨æ·‹å¼çš„è“®è“¬é ­ä¸èƒ½ç”¨,ç„¡èˆ‡å€«æ¯”,10.0
2018å¹´05æœˆ16æ—¥,"æˆ¿é–“å¤§,æœå‹™å¥½,æœ‰åœ‹éš›æ°´æº–",ç„¡èˆ‡å€«æ¯”,10.0
2018å¹´05æœˆ01æ—¥,æœ‰å¤œæ™¯ï¼Œé›¢åœ°éµç«™è¿‘ï¼Œæ­èˆ¹å«è»Šéƒ½å¾ˆå®¹æ˜“ï¼Œé™„è¿‘åƒæ±è¥¿æˆ–è€…æ˜¯è³¼ç‰©éƒ½æ–¹ä¾¿ï¼Œå…¥ä½é£¯åº—æ™‚æ‹›å¾…äººå“¡ä¹Ÿå¾ˆå°ˆæ¥­ã€å‹å–„ï¼Œä¸‹æ¬¡ä¾†é¦™æ¸¯ä»æœƒæƒ³è¦åˆ°é€™è£¡ï¼Œæˆ¿é–“ç©ºé–“å¯¬æ•žè¨­å‚™ä¹Ÿå¾ˆé½Šå…¨ï¼Œæ˜¯å¾ˆä¸éŒ¯çš„é«”é©—ã€‚,ç„¡èˆ‡å€«æ¯”,10.0
2018å¹´04æœˆ07æ—¥,"äººå“¡æœå‹™å¾ˆå¥½ï¼Œæˆ¿é–“ä¹Ÿå¾ˆä¹¾æ·¨
æˆ‘å€‘æ˜¯ä½ä½Žæ¨“å±¤æµ·ç£æˆ¿ï¼Œä½†æ˜¯1Fæˆ¶å¤– èŠ±åœ’å€é–‹æ”¾åˆ°å‡Œæ™¨01:00é‚„æ˜¯02:00ï¼Œå®¢äººå€‘èŠå¤©çš„è²éŸ³åœ¨æˆ¿é–“éƒ½è½å¾—åˆ°ï¼Œæ²’æˆ´è€³å¡žå°±ä¸èƒ½å¥½å¥½å…¥ç¡>_<    å¹¾åå¹´çš„çŽ»ç’ƒéš”éŸ³ä¸è¡Œäº†! ! (å…¶å¯¦ç™½å¤©çš„è»Šå­è²éŸ³ä¹Ÿè½å¾—å¾ˆæ¸…æ¥š)  æ‡‰è©²æ˜¯é£¯åº—æ¥­è€…è¦è€ƒæ…®æ”¹å–„çš„åœ°æ–¹ ã€‚
",è‰¯å¥½,6.0
2018å¹´02æœˆ25æ—¥,è£…ä¿®æœ‰ç‚¹æ—§äº†ï¼Œæˆ‘ä»¬ç†è§£ï¼Œè·ç¦»æµ·æ¸¯åŸŽé‚£ä¸€å—å„¿æœ‰ç‚¹è¿œ,ç„¡èˆ‡å€«æ¯”,10.0
2017å¹´12æœˆ22æ—¥,"Good location, convinent, wonderful service",ç„¡èˆ‡å€«æ¯”,10.0
2017å¹´12æœˆ20æ—¥,"Great location, good service.  Check-in line was long and moved really slowly though, I wonder why ?",å¿ƒæ°´ä¹‹é¸,8.0
2017å¹´11æœˆ19æ—¥,æœåŠ¡å¾ˆå¥½ï¼Œåœ°ç‚¹å¾ˆæ£’ã€‚é…’åº—å¤§å ‚å·¥ä½œäººå‘˜éžå¸¸çƒ­æƒ…ï¼Œæ‰“è½¦æœåŠ¡éžå¸¸åˆ°ä½ã€‚ä¸‹æ¬¡å†æ¥å¯ä»¥è€ƒè™‘å†æ¬¡å…¥ä½ï¼å”¯ä¸€çš„ç¼ºé™·å°±æ˜¯æ¥¼æ•°ä¸æ˜¯å¾ˆé«˜ï¼Œæµ·æ™¯æ— æ³•åŒ…æ‹¬å®Œæ•´ç»´å¤šåˆ©äºšæ™¯è‰²ã€‚,ç„¡èˆ‡å€«æ¯”,10.0
2017å¹´11æœˆ08æ—¥,CP å€¼ä¸éŒ¯ï¼Œæˆ¿é–“å¤§å°é©ä¸­ï¼Œä½†å°±é›¢æ¸¯å³¶é äº†é»žã€‚                                                      ,å¿ƒæ°´ä¹‹é¸,8.0
2017å¹´10æœˆ13æ—¥,"å‡ç´šæˆè±ªè¯é–£é ‚å±¤ä½å®¿å¾ˆæ£’
æˆ¿é–“ä¹¾æ·¨æ•´æ½”ï¼Œæ¯æ¬¡å‡ºåŽ»å›žä¾†éƒ½æœ‰äººé€²ä¾†æ•´ç†
éžå¸¸æŽ¨è–¦è±ªè¯é–£çš„æ—©é¤å’–å•¡å’Œæ™¯è§€ï¼Œ
æœ‰ä¾†å…¥ä½ä¸€å®šè¦ä¸ŠåŽ»çœ‹çœ‹å“¦
ä½†æ˜¯é£¯åº—æä¾›çš„è‡ªåŠ©æ—©é¤å»ä¸æ€Žéº¼æ¨£
ä¸‹æ¬¡æœƒæƒ³è¦å†ä½çš„é£¯åº—",ç„¡èˆ‡å€«æ¯”,10.0
2017å¹´07æœˆ08æ—¥,"My wife and I both got a flu using our stay. We called the guest service desk, they have us the place to see the doctor. Surprisingly all the staff know we were not feeling well since then. From the room cleaning lady, to the Chinese restaurant manager (they cook a pot of ginger tea for us), to the front desk lady (she granted us a late check out until 5pm), were all so nice and personal. 
As a business person, I traveled many many places and stayed many many hotel, but this one really impressed me!
If we didn't got sick, may be I won't discover the excellent training of this hotel staff! Truly deserved the 5-star rating.",ç„¡èˆ‡å€«æ¯”,10.0
2017å¹´06æœˆ15æ—¥,è®¾æ–½æœ‰äº›è€æ—§ï¼Œä½†è¿˜ç®—ä¸é”™,å¿ƒæ°´ä¹‹é¸,8.0
2017å¹´04æœˆ16æ—¥,å¾žæ©Ÿå ´å¿«ç·šä¸‹è»Šä¹‹å¾Œå¯ä»¥æ­K3å…è²»æŽ¥é§è»Šï¼Œæœ€å¾Œä¸€ç«™å°±æ˜¯ä¹é¾é¦™æ ¼é‡Œæ‹‰é£¯åº—ï¼Œç›´æŽ¥é€åˆ°é–€å£éžå¸¸æ–¹ä¾¿ã€‚æˆ‘å€‘ä¸€ä¸‹å…è²»æŽ¥é§è»Šå°±é¦¬ä¸Šæœ‰å¾ˆç¾Žçš„é£¯åº—äººå“¡å¾ˆæœ‰ç¦®è²Œé¢å¸¶å¾®ç¬‘çš„ä¾†è¿ŽæŽ¥æˆ‘å€‘ï¼Œæ„Ÿè¦ºå¿ƒæƒ…å¾ˆç¾Žå¥½ã€‚å¥¹å¸¶æˆ‘å€‘åˆ°æ«ƒå°check in èˆ‡å¯„è¡ŒæŽã€‚æ•´é«”ä¸Šé£¯åº—äººå“¡éƒ½å¾ˆè¦ªåˆ‡ï¼Œæ¯ä½äººå“¡éƒ½é¢å¸¶å¾®ç¬‘ã€ç†±å¿ƒå¹«å¿™ï¼Œæœå‹™è¶…ç´šå¥½ã€‚å°¤å…¶æ˜¯hostå¾ˆæ¼‚äº®åˆsuper nice! é£¯åº—ä¸€èµ°é€²åŽ»æ„Ÿè¦ºå¾ˆè±ªè¯ï¼Œæ•´å€‹å¾ˆèˆ’æœã€‚é£¯åº—çš„æˆ¿é–“è »å¤§çš„ï¼Œèƒ½çœ‹åˆ°å¾ˆç¾Žç¶­å¤šåˆ©äºžæ¸¯å’Œå°å²¸å£¯è§€çš„buildings. åºŠå¾ˆèˆ’æœï¼Œæµ´å®¤ä¹Ÿå¾ˆå¤§ã€‚è¡£æ«¥è£¡é¢æœ‰ç†¨æ–—ï¼Œå®Œå…¨ä¸æ€•è¥¯è¡«å¸¶åˆ°é£¯åº—å¾ˆçšºï¼Œè¶…ç´šè²¼å¿ƒçš„ï¼é£¯åº—åœ°é»žéžå¸¸çš„å¾ˆå¥½ï¼Œèµ°å‡ºåŽ»å°±æ˜¯å°–æ±/å°–æ²™å’€ç«™ï¼Œæœ‰åœ°éµåˆ°å“ªè£¡éƒ½å¾ˆæ–¹ä¾¿ï¼ä¸ç”¨èµ°åˆ°å¤©è’åœ°è€ï¼Œæ—é‚Šå°±æœ‰åƒçš„ï¼Œå°é¢ä¹Ÿæœ‰æ˜Ÿå·´å…‹ã€‚è¶…ç´šæŽ¨è–¦çš„é£¯åº—ï¼ä¸‹æ¬¡ä¾†æˆ‘é‚„æœƒä½é€™è£¡ï¼,å¿ƒæ°´ä¹‹é¸,8.0
2017å¹´02æœˆ08æ—¥,æœåŠ¡ä¸€çº§ï¼ŒWi-Fiå¤ªæ…¢,ç„¡èˆ‡å€«æ¯”,10.0
2019å¹´09æœˆ28æ—¥,"View from the window, assistance of the staff, comfortable beds.",å¿ƒæ°´ä¹‹é¸,8.0
2019å¹´09æœˆ28æ—¥,"Rooms are spacious and clean, atmosphere quite cozy 
Everything deserves a FiveStar Rating no doubt!
Only thing if I were to not give it ðŸ’¯ would be the building itself is kinda outdated comparing to the newly build Rosewood just down the street of cuz with a much higher price tag.. but definitely will stay here again and any Shangri-la hotels in da world
Theyâ€™re worth the money!",ç„¡èˆ‡å€«æ¯”,10.0
2019å¹´09æœˆ28æ—¥,"Everything here was excellent. The staff was wonderful, the location was great, and the facility was impeccable.",ç„¡èˆ‡å€«æ¯”,10.0
2019å¹´09æœˆ24æ—¥,"I travel a lot and would have to say that this Hotel ranks up in my top 3 hotels to stay worldwide. excellent service, excellent room and excellent food and refreshments. The location is also very convenient on the kowloon side and it is a short walk to the star Ferry and the Ocean terminal. will definately be staying on my next trip early next year",ç„¡èˆ‡å€«æ¯”,10.0
2019å¹´09æœˆ26æ—¥,"Wonderful room. Greatest shower in the history of humankind. Terrific view. Very nicely located for sightseeing and transit opportunities. Very friendly and helpful staff. If, no when I go back to HK I will be staying at the Shangri-la in Kowloon.",ç„¡èˆ‡å€«æ¯”,10.0
2019å¹´09æœˆ17æ—¥,"Amazing service and comfortable, clean accommodations.",ç„¡èˆ‡å€«æ¯”,10.0
2019å¹´09æœˆ16æ—¥,Location is great. Quiet and nearby the metro station. Pricey for the season and staff is ok but lacks friendliness. Cleaning of room leaving something to be desired. Room carpets are old and difficult to clean. Rooms smell cigarrete smoke from previous customers. Persisted for entire week.,å¿ƒæ°´ä¹‹é¸,8.0
2019å¹´09æœˆ14æ—¥,"Great location , good Close to Mtr and wonderful customer service.",å¿ƒæ°´ä¹‹é¸,8.0
2019å¹´09æœˆ18æ—¥,"pay for the bay view on a high floor, good health club",ç„¡èˆ‡å€«æ¯”,10.0
2019å¹´09æœˆ11æ—¥,The service staff were pleasing to work with. Always ready to help. ,å¿ƒæ°´ä¹‹é¸,8.0
2019å¹´09æœˆ13æ—¥,Good place to fxxk,å¿ƒæ°´ä¹‹é¸,8.0
2019å¹´09æœˆ07æ—¥,Near all restaurants shops all nearby near the Kowloon harbour,å¿ƒæ°´ä¹‹é¸,8.0
2019å¹´09æœˆ05æ—¥,"Beautiful hotel, excellent location right next to TST East. The room was in immaculate condition and service was efficient and delivered with a smile every time. The bar was not good, however, hence only 4 out of 5. We used the Intercontinentalâ€™s lounge bar in the evening a few times instead. Otherwise, absolutely fantastic hotel at a great price. ",å¿ƒæ°´ä¹‹é¸,8.0
2019å¹´09æœˆ01æ—¥,"Superb in every respect. Huge room, great beds/bedding, highly recommended in all respects.",ç„¡èˆ‡å€«æ¯”,10.0
2019å¹´09æœˆ05æ—¥,"10/10
Would not hesistant to stay here again, friendly staff, good location to shops and restuarants.",ç„¡èˆ‡å€«æ¯”,10.0
2019å¹´09æœˆ04æ—¥,"The room is very spacious and bright. The location is very convenient,  it is next to Tsim Sha Tsui East MTR station, it is very easy going everywhere. There are many shopping, eating and drinking places around. The hotel provides many quality amenities/toiletries. Our king bed is very comfy.  The seaview room has a very nice harbour view. The doormen, porters and receptionists are very helpful.  We highly recommend this hotel. ",ç„¡èˆ‡å€«æ¯”,10.0
2019å¹´08æœˆ30æ—¥,The service overall us good except the service in the Tapas Bar is a bit slow. Waited long time and had to signalled to the waiter/waitress to come taking our order.  ,å¿ƒæ°´ä¹‹é¸,8.0
2019å¹´08æœˆ29æ—¥,"We upgraded to harbor view room. The room was amazing, big, beautiful, and unforgettable views.  We love the location.",ç„¡èˆ‡å€«æ¯”,10.0
2019å¹´08æœˆ26æ—¥,My favorite hotel in HK because of the friendly and accommodating staff and the location due to accessibility to public transportation and the availability of numerous restaurants.,å¿ƒæ°´ä¹‹é¸,8.0
2019å¹´08æœˆ27æ—¥,We used to live in HK and would prefer the location of Shangrila due to the accessibility to public transportation and the availability of so many restaurants around the area.,å¿ƒæ°´ä¹‹é¸,8.0
2019å¹´08æœˆ28æ—¥,"Classic Nice hotel, good location, the staff is friendly",å¿ƒæ°´ä¹‹é¸,8.0
2019å¹´08æœˆ23æ—¥,"Disappointed by the rather outdated decor and room condition of a Shangri-La establishment. Request for late checkout was met with, â€œweâ€™ll charge you half day ratesâ€. Never happened with Intercontinental or Marriott hotels Iâ€™ve put up at. Location is good though as it is accessible to a lot of eateries and convenient to move around.",è‰¯å¥½,6.0
2019å¹´08æœˆ25æ—¥,"Great location, clean, very comfortable bed and great room with good amenities, the Kowloon Shangrii-La is just what the doctor ordered after a long, international flight.  

My room was extremely quiet with shutters and drapes which keep it nice and dark for sleeping in.  

The king sized bed was fantastic, the bathroom had both a bathtub and a great shower with wonderful water pressure and hot water.

The mini bar was nice and well stocked.  I ordered room service and the food was above average.

The hotel is a bit pricey, but sometimes you get what you pay for.  

There could be more premium movie channels (there were none from my experience).",å¿ƒæ°´ä¹‹é¸,8.0
2019å¹´08æœˆ19æ—¥,An excellent hotel ! We were very happy and will definitely make this our choice for our next visit to Hong Kong.,ç„¡èˆ‡å€«æ¯”,10.0
2019å¹´08æœˆ16æ—¥,,ç„¡èˆ‡å€«æ¯”,10.0
2019å¹´08æœˆ08æ—¥,"This hotel is very close to the ocean and the night view from its window is splendid. It is a very fancy, nice hotel.",ç„¡èˆ‡å€«æ¯”,10.0
2019å¹´07æœˆ07æ—¥,"By far one of the best hotels weâ€™ve ever stayed in. Excellent service from the staff who constantly ensured we had a wonderful stay. The room was amazing with a fantastic view. The little things like free water in the room and a teapot of chinese tea weâ€™re lovely extra touches.
Would highly recommend as well worth the money!",ç„¡èˆ‡å€«æ¯”,10.0
2019å¹´08æœˆ07æ—¥,"Have stayed in many different Shangri La Hotels, but this one is most definitely one of the best.  From the moment we arrived Ms Cynthia Law looked after us meticulously until we check out.  All of the staff, facilities, environment and everything else is outstanding.  Highly highly recommend it:-)

Thank you Cynthia for your wonderful service!!!!",ç„¡èˆ‡å€«æ¯”,10.0
2019å¹´07æœˆ29æ—¥,Room was very spacious and well appointed. Location good on waterfront. ,å¿ƒæ°´ä¹‹é¸,8.0
2019å¹´07æœˆ31æ—¥,great location. very nice property.. friendly staff,ç„¡èˆ‡å€«æ¯”,10.0
2019å¹´10æœˆ02æ—¥,"Very effective arrangement and nice environment,thanks!",ç„¡èˆ‡å€«æ¯”,10.0
2019å¹´09æœˆ28æ—¥,åœ°é»žæ–¹ä¾¿ï¼Œæˆ¿é–“å¤§è€Œä¸”èˆ’é©ï¼Œé¤å»³æœå‹™äººå“¡æ…‹åº¦ä¸€èˆ¬ï¼Œä½†æ´’åº—æœå‹™äººå“¡æ…‹åº¦è‰¯å¥½ã€‚å¥èº«è¨­å‚™å……è¶³è€Œä¸”24å°æ™‚é–‹æ”¾ï¼Œè¡žç”Ÿè‰¯å¥½ã€‚,å¿ƒæ°´ä¹‹é¸,8.0
2019å¹´07æœˆ25æ—¥,å¾ˆå¥½ï¼Œéšæ™¯ï¼Œæœå‹™å’Œé£Ÿç‰©ä¹Ÿæ˜¯ä¸€æµã€‚ç‰¹åˆ¥å–œæ­¡21æ¨“çš„è±ªè¯é–£æ¨“ã€‚æ™šé¤åœ¨Angilinié£Ÿçš„æ„å¤§åˆ©èœä¹Ÿå¾ˆå¥½ã€‚æœƒå†ä¾†ã€‚,ç„¡èˆ‡å€«æ¯”,10.0
2019å¹´07æœˆ12æ—¥,"Itâ€™s a staycation with my family, also celebrate my mother birthday.  The staff is nice and breakfast is come with variety choice from west to east. Room is clean and comfort, and they do prepare a small surprise with a birthday cake for mother. Super recommend to stay.",ç„¡èˆ‡å€«æ¯”,10.0
2019å¹´07æœˆ04æ—¥,"During my stay, all of the stuff are very helpful and do their best to accommodate our needs. The room is in exceptional condition. Location is the best you ask for.",ç„¡èˆ‡å€«æ¯”,10.0
2019å¹´06æœˆ28æ—¥,ç™»è¨˜å¿«æ·ï¼Œå¤§å ‚æœ‰è¶³å¤ çš„æœå‹™å“¡ã€‚æˆ¿é–“æ•´æ½”ï¼,ç„¡èˆ‡å€«æ¯”,10.0
2019å¹´06æœˆ21æ—¥,"é¦–å…ˆï¼Œé è¨‚çš„æ™‚å€™èªªæ˜Žæ˜¯å…©é»žå…¥ä½çš„
æˆ‘å…©é»žåŽ»åˆ°çš„æ™‚å€™ï¼Œ è·å“¡å‘Šè¨´æˆ‘è¦ä¸‰é»žæ‰æœ‰æˆ¿é–“ã€‚ é€™æ˜¯æˆ‘å’Œå¥³æœ‹å‹ç”Ÿæ—¥æ…¶ç¥çš„ä¸€æ—¥ï¼Œæˆ‘æœ¬ä¾†å·²ç¶“é è¨‚äº†æ•´å¤©çš„æ™‚é–“åŠè¡Œç¨‹ï¼Œ æˆ‘æœ¬è¦é å…ˆä½ˆç½®æˆ¿é–“æ‰è·Ÿæˆ‘å¥³æœ‹å‹å¤–å‡ºã€‚ å¦‚æžœè·å“¡å‘Šè¨´æˆ‘è¦ä¸‰é»žæ‰æœ‰æˆ¿é–“ï¼Œæ‰€æœ‰è¡Œç¨‹è¦æ”¹ä¸€æ”¹ã€‚ 
ä¹‹å¾Œæˆ‘å…ˆåŒå¥³æœ‹å‹åŽ»å…¶ä»–åœ°æ–¹ï¼Œ3:05pmæˆ‘å†è‡ªè¡Œå›žä¾†é…’åº—, å¿ƒæƒ³è¦ä½ˆç½®æˆ¿é–“ï¼Œå«å¥³æœ‹å‹åœ¨é™„è¿‘åœ°æ–¹é€›é€›ã€‚  3:05pmè·å“¡åŒæˆ‘è¬›, ä»²è¦å¤š45åˆ†é˜æ‰æœ‰æˆ¿ï¼ çµæžœæˆ‘åˆè¦å¤–å‡ºï¼Œ æœ€å¾Œæˆ‘3:50pmæ‰æ”žåˆ°æˆ¿é–“! å¤§å¤±é ç®—
 3:50ä¾†åˆ°æˆ¿é–“ä¹‹å¾Œï¼Œæˆ‘æ­£åœ¨å ±ç½®çš„æ™‚å€™ï¼Œ çªç„¶æœ‰å€‹è·å“¡æ•²äº†ä¸€ä¸‹é–€å°±è‡ªè¡Œé€²ä¾†ï¼Œ æˆ‘å®Œå…¨æ²’æœ‰åŒæ„éŽä½¢å…¥ä¾†çš„ã€‚ çµæžœä½¢é›–ç„¶ä¿‚å’è¬›å””å¥½æ„æ€ï¼Œ è©±æžéŒ¯å’—ã€ä»¥ç‚ºæˆ¿é–“æœ‰å˜¢è¦ä¿®ç†ï¼ä½†é€™å€‹æˆ‘å®Œå…¨ä¸å¯æŽ¥å—ï¼ æˆ¿é–“æœ‰å˜¢è¦ä¿®ç†ï¼Œä½ ä¹Ÿèµ·ç¢¼æœ‰äººæ‡‰é–€æ‰å¯ä»¥é€²ä¾†ï¼ ä½¢éš¨ä¾¿æ•²äº†ä¸€ä¸‹é–€ï¼Œä¸è¶³å…©å¹´çš„æ™‚é–“å°±è‡ªè¡Œç”¨æˆ¿å’­å…¥å’—åšŸï¼ å¦‚æžœæˆ‘ä¿‚åŒå¥³æœ‹å‹åœ¨æˆ¿é–“åšå…¶ä»–äº‹æƒ…ï¼Œ ä½¢å’æ¨£å…¥å’—åšŸï¼Œ æƒ…æ³ä¸€å®š10åˆ†å°·å°¬ï¼  
é‚„æœ‰ï¼Œé…’åº—åœ¨check-inçš„æ™‚é–“å•æˆ‘ç”Ÿæ—¥è›‹ç³•å¹¾é»žé€ä¸ŠåšŸï¼Œ æˆ‘å‘Šè¨´ä»–å¤œæ™š9:00 ï¼Œ çµæžœä»–ä¸‹åˆäº”é»žå¹¾å˜…æ™‚é–“é€å’—ä¸ŠåšŸï¼Œ å‘¢å€‹ä¿‚å°å•é¡Œ ï¼Œ ä½†ä¸Šè¿°å…©å€‹å•é¡Œçš„ç¢ºä»¤æˆ‘10åˆ†ä¸æ»¿ï¼",æœ‰å¾…æ”¹å–„,2.0
2019å¹´06æœˆ10æ—¥,æ­¤æ¬¡å…¥ä½ä¿‚ç‚ºæ…¶ç¥ç”Ÿæ—¥çš„ï¼Œå…¥ä½æ™‚ç²upgrade åˆ°æµ·æ™¯å®¢æˆ¿ï¼Œæ™¯è§€ä¸€æµï¼Œæ™šé£¯å¾Œå›žåˆ°å®¢æˆ¿æ”¶åˆ°é…’åº—å®‰æŽ’çš„è¨Šæ¯ï¼Œç²å®‰æŽ’é€ä¸Šè›‹ç³•èˆ‡ç”Ÿæ—¥å’­ï¼Œååˆ†è²¼å¿ƒï¼Œç‰©è¶…æ‰€å€¼ï¼,ç„¡èˆ‡å€«æ¯”,10.0
2019å¹´05æœˆ30æ—¥,æˆ¿é–“å¤ å¤§ï¼Œèˆ’é©ï¼Œä½†å®¢æˆ¿å…§çš„é›»è¦–æ©Ÿä¸èƒ½æŽ¥å—ï¼Œå¯èƒ½é›»è¦–å¤ªèˆŠï¼Œå½±åƒæœ‰é›ªèŠ±ã€‚ä»Šæ¬¡ä½å®¿é…’åº—åŽŸå› æ˜¯ç›¸ç´„å‹äººä¸€èµ·è§€çœ‹æ­è¯æ±ºè³½ï¼Œå”¯é›»è¦–ç•«é¢æ¬ ä½³ï¼Œå½±éŸ¿è§€çœ‹ï¼Œä¸èƒ½æŽ¥å—ã€‚,å¿ƒæ°´ä¹‹é¸,8.0
2019å¹´05æœˆ25æ—¥,"It was to be 1400 checkin, but we couldnâ€™t checkin untill 1600. And the view outside the room was disappointing",ä¸­ç­‰,4.0
2019å¹´03æœˆ25æ—¥,Truly a five star hotel in every respect.  Totally a satisfactory experience.,ç„¡èˆ‡å€«æ¯”,10.0
2019å¹´02æœˆ15æ—¥,Great service as usual,ç„¡èˆ‡å€«æ¯”,10.0
2018å¹´12æœˆ07æ—¥,"å¾ˆæ»¡æ„ï¼Œæœ‹å‹ä½çš„éžå¸¸èˆ’é€‚ã€‚
ç¦»å°–ä¸œåŠå°–æ²™å’€ç«™éƒ½ç‰¹åˆ«è¿‘ï¼Œå·¥ä½œäººå‘˜æœ‰ç¤¼è²Œï¼Œæ—©é¤ä¹Ÿä¸é”™ã€‚æŽ¥æœºæœåŠ¡å‡†æ—¶å‘¨åˆ°ã€‚",ç„¡èˆ‡å€«æ¯”,10.0
2018å¹´11æœˆ27æ—¥,æµ·æ™¯å¥—æˆ¿ç”¨ä½œçµå©šæ•¬èŒ¶ï¼ŒçœŸçš„å†‡å¾—è¼¸,ç„¡èˆ‡å€«æ¯”,10.0
2018å¹´11æœˆ09æ—¥,"5æ˜Ÿç´šçš„é…’åº—ï¼Œçµ•å°çš„5æ˜Ÿç´šçš„æœå‹™ï¼ŒAngelini, Nadaman, é¦™å®®èœå¼éƒ½ä¸éŒ¯ï¼Œåªæ˜¯Koolçš„é£Ÿç‰©çœŸå¿ƒè¦é‡æ–°æ”¹è‰¯ä¸‹ã€‚ä½†ä¹Ÿè¦æ¯”ä»–æ—é‚Šé‚£é–“æ‰€è¬‚çš„5æ˜Ÿé…’åº—å¸x å¥½100å€ã€‚",ç„¡èˆ‡å€«æ¯”,10.0
2018å¹´09æœˆ30æ—¥,Excellent ,ç„¡èˆ‡å€«æ¯”,10.0
2018å¹´09æœˆ29æ—¥,Excellent ,ç„¡èˆ‡å€«æ¯”,10.0
2018å¹´09æœˆ30æ—¥,"éžå¸¸èˆ’é© æ¸…æ½”çš„é…’åº—
ç¶­æ¸¯æ™¯è‰²å„ªç¾Ž é…’åº—ä½ç½®å¾ˆå¥½
æœå‹™éžå¸¸å¥½
è·å“¡æœ‰ç¦® ä¸»å‹• éžå¸¸æ¨‚æ–¼åŠ©äºº

é™„è¿‘å¤šç¾Žé£Ÿ äº¤é€šæ–¹ä¾¿",ç„¡èˆ‡å€«æ¯”,10.0
2018å¹´09æœˆ13æ—¥,5æ˜Ÿé…’åº—ä¸æœƒä»¤ä½ å¤±æœ›,ç„¡èˆ‡å€«æ¯”,10.0
2018å¹´08æœˆ25æ—¥,"Walk distance to MTR, harbour, centralised location.
Friendly staffs are good room size",ç„¡èˆ‡å€«æ¯”,10.0
2018å¹´08æœˆ10æ—¥,,ç„¡èˆ‡å€«æ¯”,10.0
2018å¹´08æœˆ05æ—¥,æˆ¿é–“å…§çš„æ‰‹æœºå……é›»ç·šæœ‰å•é¡Œï¼Œæ—©ä¸Šèµ·ä¾†ç™¼ç¾æ‰‹æ©Ÿå®Œå…¨ç„¡é›»ï¼Œååˆ†ç‹¼ç‹½ã€‚åˆ°å‰æž±å€Ÿç¨ç«‹å……é›»ç·šåˆç„¡ï¼Œæœ‰æ”¹å–„ç©ºé–“ã€‚,ç„¡èˆ‡å€«æ¯”,10.0
2018å¹´07æœˆ25æ—¥,"æœå‹™æ…‹åº¦ä½³ï¼Œé„°è¿‘åœ°éµç«™ï¼Œä½ç½®ä½³ã€‚
æœå‹™çœŸçš„å¾ˆåˆ°ä½ï¼Œæ‰“åŽ»å‰å°ï¼Œèƒ½èªªçš„å‡ºæˆ‘çš„å§“ï¼Œçµ¦äººå¾ˆå°Šæ•¬çš„æ„Ÿè¦ºã€‚
å¾ˆå–œæ­¡é¦™æ ¼é‡Œæ‹‰çš„æœå‹™æ…‹åº¦ï¼Œå…¥ä½é€™è£¡ä¸ä½†æ˜¯è²·å®ƒçš„æµ·æ™¯ï¼Œæœ€é‡è¦çš„æ˜¯è²·å®ƒçš„æœå‹™ã€‚
åºŠå¾ˆèˆ’æœï¼Œå¾ˆå¤§ã€‚æ´—æ‰‹é–“ä¹Ÿå¾ˆå¤§ã€‚",ç„¡èˆ‡å€«æ¯”,10.0
2018å¹´06æœˆ16æ—¥,éžå¸¸å°ˆæ¥­çš„æœå‹™ï¼Œ å€¼å¾—æŽ¨è–¦ï¼,ç„¡èˆ‡å€«æ¯”,10.0
2018å¹´05æœˆ22æ—¥,Warm welcome and pleasure services. ,ç„¡èˆ‡å€«æ¯”,10.0
2018å¹´02æœˆ26æ—¥,å¾ˆä¸é”™ï¼Œä¸‹æ¬¡ä¼šå†æ¥ã€‚æˆ¿é—´çŽ¯å¢ƒä¼˜ç¾Žï¼ŒæœåŠ¡ä¹Ÿå¾ˆè´´å¿ƒã€‚å¾ˆä¸é”™ï¼Œä¸‹æ¬¡ä¼šå†æ¥ã€‚æˆ¿é—´çŽ¯å¢ƒä¼˜ç¾Žï¼ŒæœåŠ¡ä¹Ÿå¾ˆè´´å¿ƒã€‚å¾ˆä¸é”™ï¼Œä¸‹æ¬¡ä¼šå†æ¥ã€‚æˆ¿é—´çŽ¯å¢ƒä¼˜ç¾Žï¼ŒæœåŠ¡ä¹Ÿå¾ˆè´´å¿ƒã€‚å¾ˆä¸é”™ï¼Œä¸‹æ¬¡ä¼šå†æ¥ã€‚æˆ¿é—´çŽ¯å¢ƒä¼˜ç¾Žï¼ŒæœåŠ¡ä¹Ÿå¾ˆè´´å¿ƒã€‚,è‰¯å¥½,6.0
2017å¹´12æœˆ30æ—¥,ä¸€æµæœå‹™ï¼Œé ‚ç´šäº«å—ï¼Œ5æ˜Ÿç´šæ°´å¹³ã€‚,ç„¡èˆ‡å€«æ¯”,10.0
2017å¹´07æœˆ26æ—¥,å…¥ä½çš„åŽŸå› æœ€ä¸»è¦æ˜¯åœ°é»žæ–¹ä¾¿ï¼Œå…¶ä»–éƒ½æ²’æœ‰ä»€éº¼ç‰¹åˆ¥ï¼Œè¨‚äº†8é–“æˆ¿äº¦ç„¡çªåˆ¥upgradeã€‚,å¿ƒæ°´ä¹‹é¸,8.0
2017å¹´05æœˆ07æ—¥,æˆ¿é–“å¾ˆå¥½ï¼Œé£²é£Ÿè±ªè¯ï¼Œå“¡å·¥æ®·å‹¤æœ‰ç¦®ï¼Œé…’åº—æ•´æ½”åº¦å¾ˆé«˜ï¼Œæ„Ÿè¬ä»‹ç´¹çµ¦æˆ‘çš„æœ‹å‹ï¼Œä¹Ÿä¸€å®šæœƒæŽ¨ä»‹çµ¦æœ‹å‹ï¼Œäº¤é€šç›¸ç•¶ä¾¿åˆ©,ç„¡èˆ‡å€«æ¯”,10.0
2016å¹´12æœˆ05æ—¥,é…’åº—ä½æ–¼å°–æ²™å˜´åœ°å€é€±é‚Šè¨­æ–½é½Šå…¨ï¼Œè§€å…‰ï¼Œè³¼ç‰©ï¼Œç¾Žé£Ÿéƒ½éžå¸¸æ–¹ä¾¿ã€‚é…’åº—æœå‹™å‘¨åˆ°è·å“¡æœå‹™æ…‹åº¦éƒ½å¾ˆå¥½ã€‚,ç„¡èˆ‡å€«æ¯”,10.0
2016å¹´11æœˆ02æ—¥,"good, very good , excellent , will re order again in the next time ! wonderful

",è‰¯å¥½,6.0
2019å¹´08æœˆ19æ—¥,æœå‹™å¾ˆå¥½,ç„¡èˆ‡å€«æ¯”,10.0
2019å¹´08æœˆ01æ—¥,æˆ¿é–“å¾ˆå¤§ï¼Œé›¢åœ°éµç«™å¾ˆè¿‘ï¼ŒæŽ¨è–¦ï¼,å¿ƒæ°´ä¹‹é¸,8.0
2019å¹´06æœˆ21æ—¥,ç¬¬ä¸€æ¬¡å…¥ä½ä¹é¾™é¦™æ ¼é‡Œæ‹‰ã€‚å‰å°æ— å¾æ±‚å‰æï¼Œæ“…è‡ªç»™äº†ä¸€é—´æŠ½çƒŸæˆ¿ã€‚ç©ºæ°”éš¾ä»¥æŽ¥å—ï¼ŒåŒæ—¶ï¼Œæˆ¿é—´å†…æ˜¯å…è´¹æ°´æ˜¯æ‰“å¼€çš„ï¼Œåœ°é¢æœ‰ä¸€æ¬¡æ€§æŠ¤æ‰‹çˆ½å°è¢‹ã€‚ä¸çŸ¥æ­¤æˆ¿é—´æ‰“æ‰«å«ç”Ÿæ ‡å‡†ï¼Ÿæ— æ³•ä½“çŽ°ä¸–ç•ŒçŸ¥åå“ç‰Œã€‚éžå¸¸éžå¸¸å¤±æœ›ã€‚,è‰¯å¥½,6.0
2019å¹´06æœˆ21æ—¥,è¦ºå¾—é€™æ¬¡å…©å¤©çš„ä½å®¿ç¶“é©—éžå¸¸æ£’ï¼Œæˆ¿é–“æ•´ç†çš„éžå¸¸æ•´é½Šï¼Œæœå‹™äººå“¡ä¹Ÿéƒ½å¾ˆè¦ªåˆ‡ï¼Œç”±æ–¼å‰›å¥½æ˜¯ç”Ÿæ—¥åŽ»çš„ï¼Œæ™šä¸Šå›žé£¯åº—çš„æ™‚å€™ å±…ç„¶æœ‰ç”Ÿæ—¥å°è›‹ç³•è·Ÿå¡ç‰‡ï¼Œå¾ˆé©šå–œï¼Œæ„Ÿè¦ºé£¯åº—å¾ˆç”¨å¿ƒ æˆ¿é–“æµ·æ™¯ä¹Ÿå¾ˆç¾Žï¼Œå¯¦å¯¦åœ¨åœ¨æ„Ÿåˆ°å¾ˆæ”¾é¬†ï¼ä¸‹ä¸€æ¬¡åˆ°é¦™æ¸¯ é‚„æœƒå†é¸æ“‡é¦™æ ¼é‡Œæ‹‰ï¼,ç„¡èˆ‡å€«æ¯”,10.0
2019å¹´06æœˆ15æ—¥,å¥½å¾ˆå¥½éžå¸¸å¥½æœå‹™å¥½çš„ä¸å¾—äº†,ç„¡èˆ‡å€«æ¯”,10.0
2019å¹´06æœˆ14æ—¥,é›¢å°–æ±åœ°éµP1ã€P2å‡ºå£ç›¸ç•¶è¿‘ï¼Œå…¬è»Šç¸½ç«™ä¹Ÿåœ¨æ—é‚Šï¼Œå‡ºå…¥äº¤é€šæ¥µç‚ºä¾¿åˆ©ï¼Œæ«ƒæª¯æœå‹™äººå“¡å°ˆæ¥­ç†±æƒ…ï¼Œæˆ¿å‹™äººå“¡è¦ªåˆ‡å¦‚å®¶äººï¼Œçµ•å°æ˜¯æœªä¾†å†åº¦è¨ªæ¸¯çš„é¦–é¸é£¯åº—,ç„¡èˆ‡å€«æ¯”,10.0
2019å¹´05æœˆ13æ—¥,ä»¥å¾Œä¸ç®¡åŽ»å“ªå€‹åœ‹å®¶éƒ½æœƒå„ªå…ˆæœå°‹é¦™æ ¼é‡Œæ‹‰,ç„¡èˆ‡å€«æ¯”,10.0
2019å¹´04æœˆ14æ—¥,å¾ˆæ£’çš„ä½å®¿é«”é©—ï¼,ç„¡èˆ‡å€«æ¯”,10.0
2019å¹´04æœˆ01æ—¥,"é£¯åº—å¤ªè€èˆŠäº†ï¼Œé¦¬æ¡¶å¾ˆèˆŠã€‚
èµ°å»Šæœ‰å¾ˆæ¿ƒçš„éœ‰å‘³ï¼Œæ”¾äº†å¾ˆå¤šç©ºæ°£æ¸…æ·¨æ©Ÿä¾ç„¶ç„¡æ•ˆã€‚ä»¥é€™å€‹æˆ¿åƒ¹ç›¸ç•¶ä»¤äººå¤±æœ›ã€‚
è©²é‡æ–°è£æ½¢äº†â‹¯",ä¸­ç­‰,4.0
2019å¹´04æœˆ01æ—¥,æˆ¿é–“å¾ˆè‡­ï¼Œæœå‹™å¾ˆä¸€èˆ¬ï¼Œæ„Ÿè¦ºä¸å‡ºä¾†äº”æ˜Ÿé…’åº—çš„åƒ¹å€¼,ä¸­ç­‰,4.0
2019å¹´03æœˆ16æ—¥,å¾ˆæ£’çš„ä½å®¿ç’°å¢ƒï¼,ç„¡èˆ‡å€«æ¯”,10.0
2019å¹´03æœˆ11æ—¥,æ—©é¤é¤å»³å¤§å»šå’Œç¶“ç†éƒ½éžå¸¸è¦ªåˆ‡èˆ‡ç†±æƒ…æœå‹™ï¼Œé£¯åº—å…§çš„å‰å°å¾ˆå¾ˆè¦ªåˆ‡ï¼æˆ¿é–“å¾ˆå¤§ï¼Œæµ·æ™¯è¦–é‡Žé¼é—Šå¾ˆç¾Ž!æ˜¯å€‹è²¼å¿ƒè¦ªåˆ‡çš„é…’åº—ï¼,ç„¡èˆ‡å€«æ¯”,10.0
2019å¹´03æœˆ01æ—¥,12:00æŠµé”é£¯åº—å‘ŠçŸ¥14:00å¯ä»¥æ‹¿æˆ¿å¡ï¼Œå»ç­‰åˆ°16:00æ‰æ‹¿åˆ°ï¼Œæœ‰é»žæµªè²»æ™‚é–“,å¿ƒæ°´ä¹‹é¸,8.0
2019å¹´02æœˆ28æ—¥,é£¯åº—éžå¸¸ä¹¾æ·¨ï¼Œåœ°éµå°–æ±ç«™æ—ï¼Œéžå¸¸èˆ’é©,ç„¡èˆ‡å€«æ¯”,10.0
2019å¹´02æœˆ15æ—¥,é£¯åº—å¾ˆä¸éŒ¯ï¼Œæˆ¿é–“ç©ºé–“å¾ˆå¤§å¾ˆèˆ’æœï¼Œæ»¿å»ºè­°å†ä¾†ï¼Œåªæ˜¯æœå‹™äººå“¡è¾¦ç†å…¥ä½å¤ªæ…¢ï¼Œæ›ä¾†æ›åŽ»ï¼Œæ„Ÿè¦ºå¾ˆå·®ï¼Œå¦‚æžœå¯ä»¥æ”¹ï¼Œå°±æ˜¯å¾ˆä¸éŒ¯çš„é£¯åº—ã€‚,ç„¡èˆ‡å€«æ¯”,10.0
2019å¹´02æœˆ05æ—¥,é€™æ¬¡ä½çš„æ˜¯å…¨æ™¯æµ·æ™¯æˆ¿ï¼Œæˆ¿é–“å¾ˆå¯¬æ•žï¼Œå¯ä»¥çœ‹åˆ°å¾ˆæ£’çš„æµ·æ™¯ã€‚æˆ¿é–“æœ‰æä¾›æœ›é é¡ï¼Œè¶…è²¼å¿ƒçš„ã€‚,ç„¡èˆ‡å€«æ¯”,10.0
2019å¹´01æœˆ22æ—¥,é…’åº—æ¯”è¾ƒè€äº†ï¼Œä½†ä¹Ÿæ˜¯å¾ˆä¸é”™çš„è€ç‰Œé…’åº—ç¡¬ä»¶åœ¨æˆ¿é—´å¤§ï¼Œä½†æ˜¯æœåŠ¡äººå‘˜å¤ªå·®äº†ï¼ï¼ï¼é…’åº—è¡¨ç¤ºæ˜¯2ç‚¹èƒ½å…¥ä½çš„ï¼Œä½†æ˜¯æˆ‘å¿«5ç‚¹åˆ°é‚£ï¼Œå‘Šè¯‰æˆ‘ï¼Œæˆ‘å®šçš„å¤§åºŠé«˜å±‚åŠæµ·æ™¯æˆ¿è¿˜æ²¡ç©ºå‡ºæ¥ï¼Œè¦æˆ‘æŽ¥å—åŒåºŠï¼Œæ²¡æœ‰ç­”åº”åƒµæŒäº†ä¸€ä¼šè¯´å¯ä»¥ç»™æˆ‘å‡çº§åˆ°å…¨æµ·æ™¯ï¼Œä½†æ˜¯æ¥¼å±‚ä½Žä¸€ç‚¹ï¼Œæˆ‘æ˜¯ä¸æƒ³ç­”åº”çš„ï¼Œä½†æ˜¯æ²¡æˆ¿é—´å°±åªèƒ½ç­”åº”äº†ã€‚å…¥ä½è¿˜ç‰¹åˆ«æ…¢ï¼Œæ˜Žæ˜Žæ˜¯é€šè¡Œè¯å®šçš„ï¼Œè¿˜è¦é—®æˆ‘å“ªä¸ªå¹³å°ä¹±ä¸ƒå…«ç³Ÿçš„ã€‚è¿›äº†æˆ¿é—´çœŸæ˜¯æ— è¯­ï¼Œ7æ¥¼æ¥¼é“é‡Œå°±æ˜¯ä¸€è‚¡æ€ªå‘³ï¼Œæ¥¼å±‚å—è¿˜æ²¡æœ‰æ¥¼ä¸‹è·¯ç¯é«˜ï¼Œæ‰€è°“çš„7æ¥¼å…¶å®žå°±æ˜¯é…’åº—2æ¥¼ï¼Œæ´—æµ´æ›´æ˜¯ç³Ÿç³•ï¼Œæµ´ç¼¸æ·‹é›¨ä¸€ä½“çš„ï¼Œé‡ç‚¹æ˜¯æˆ‘165éƒ½é¡¶ç€è„‘è¢‹ã€‚è¯¦ç»†çœ‹å›¾ç‰‡å§ã€‚   åŽ»å¹´ä½è¿‡è¯¥é…’åº—æ™®é€šè±ªåŽæˆ¿ï¼Œæ¯”è¿™ä¸ªæ‰€è°“æ›´é«˜çº§çš„æˆ¿å¥½å¤šäº†ã€‚,ä¸­ç­‰,4.0
2018å¹´12æœˆ08æ—¥,èˆ’é©å¯¬æ•žçš„é£¯åº—åªå¯æƒœå°‘äº†è‡ªå‹•å’–å•¡æ©Ÿå’Œç¾ä»£åŒ–çš„é›»å™¨è¨­å‚™ ä¾‹å¦‚å¯ä»¥é€£æŽ¥iPhone çš„air play,ç„¡èˆ‡å€«æ¯”,10.0
2018å¹´11æœˆ22æ—¥,ä¸­åœ‹å®¢å°‘ã€‚æ¯”è¼ƒä¸åµé›œ åƒæ±è¥¿ è²·æ±è¥¿æ–¹ä¾¿,å¿ƒæ°´ä¹‹é¸,8.0
2018å¹´08æœˆ29æ—¥,,ç„¡èˆ‡å€«æ¯”,10.0
2018å¹´08æœˆ23æ—¥,æ•´é«”ä¸¦æ²’æœ‰è¦ºå¾—ç‰¹åˆ¥å¥½ï¼Œä½å®¿å“è³ªè·Ÿæœå‹™ä¹Ÿæ²’æœ‰è³“è‡³å¦‚æ­¸çš„æ„Ÿè¦ºã€‚æœå‹™å“è³ªæœ‰å¾…åŠ å¼·ï¼ˆä¸å¤ è¦ªåˆ‡ï¼‰,è‰¯å¥½,6.0
2018å¹´08æœˆ08æ—¥,é¦™æ ¼é‡Œæ‹‰é…’åº—æ˜¯æˆ‘è¿™ä¹ˆå¤šå¹´æœ€å–œæ¬¢çš„é…’åº—ä¹‹ä¸€ï¼æˆ¿é—´å¤§è€Œæ¸©é¦¨â€¦,å¿ƒæ°´ä¹‹é¸,8.0
2018å¹´08æœˆ04æ—¥,outstanding staff service ! although the hotel is a little old and the swimming pool was really small. i will choose again this Hotel because they really care about the hosts.,ç„¡èˆ‡å€«æ¯”,10.0
2018å¹´06æœˆ24æ—¥,æœ€å·®çš„å…¥ä½ä½“éªŒäº†ï¼Œä¸€å…±ä½äº†3æ™šï¼Œåˆ°ç¬¬äºŒå¤©ä¸‹åˆç©ºè°ƒå°±åäº†ï¼Œé¦™æ¸¯30å¤šåº¦çš„å¤©ï¼Œåœ¨é…’åº—æ±—æµæµƒèƒŒï¼Œç„¶åŽæ™šä¸Š8ç‚¹è¯´ç©ºè°ƒä¿®å¥½äº†ï¼Œç„¶è€Œå¹¶æ²¡æœ‰ï¼Œç¬¬ä¸‰å¤©ä¸€ç›´åˆ°é€€æˆ¿ï¼Œé…’åº—çš„ç©ºè°ƒéƒ½æ˜¯åçš„ï¼ŒåŽ»å‰å°é—®ï¼Œåªæ˜¯è®©æˆ‘æŽ’åœ¨å‡†å¤‡checkinçš„é•¿é•¿é˜Ÿä¼åŽé¢ç­‰å¾…ï¼Œæ²¡æœ‰ä»»ä½•èµ”å¿æŽªæ–½ã€‚æ¥é¦™æ¸¯10å‡ æ¬¡ï¼Œä½è¿‡ä¸åŒçš„äº”æ˜Ÿçº§é…’åº—ï¼Œè¿™æ¬¡æ˜¯æœ€å·®çš„äº†ï¼Œè¿˜æœ‰è¿™æ¬¡ä½çš„æ¥¼å±‚æœ‰å¥½å¤šæˆ¿é—´åœ¨è£…ä¿®ï¼Œå‘³é“éžå¸¸åˆºé¼»ã€‚ä¹é¾™çš„é¦™æ ¼é‡Œæ‹‰æ˜¯ç›®å‰ä½è¿‡æœ€å·®çš„ï¼Œç®¡ç†æœåŠ¡éƒ½ä¸è¡Œï¼Œå”¯ä¸€çš„ä¼˜ç‚¹å°±æ˜¯æˆ¿é—´æ¯”è¾ƒå¤§äº†ã€‚æ€»ä¹‹æ˜¯éžå¸¸å·®çš„å…¥ä½ä½“éªŒã€‚,æœ‰å¾…æ”¹å–„,2.0
2018å¹´06æœˆ11æ—¥,"åœ°é»žok, æœå‹™å¾ˆå¥½ã€‚",ç„¡èˆ‡å€«æ¯”,10.0
2018å¹´05æœˆ13æ—¥,éžå¸¸ä»¤äººæ»¿æ„çš„æˆ¿é–“ï¼ç¾Žä¸­ä¸è¶³çš„åªæœ‰é›¨æ·‹å¼çš„è“®è“¬é ­ä¸èƒ½ç”¨,ç„¡èˆ‡å€«æ¯”,10.0
2018å¹´05æœˆ16æ—¥,"æˆ¿é–“å¤§,æœå‹™å¥½,æœ‰åœ‹éš›æ°´æº–",ç„¡èˆ‡å€«æ¯”,10.0
2018å¹´05æœˆ01æ—¥,æœ‰å¤œæ™¯ï¼Œé›¢åœ°éµç«™è¿‘ï¼Œæ­èˆ¹å«è»Šéƒ½å¾ˆå®¹æ˜“ï¼Œé™„è¿‘åƒæ±è¥¿æˆ–è€…æ˜¯è³¼ç‰©éƒ½æ–¹ä¾¿ï¼Œå…¥ä½é£¯åº—æ™‚æ‹›å¾…äººå“¡ä¹Ÿå¾ˆå°ˆæ¥­ã€å‹å–„ï¼Œä¸‹æ¬¡ä¾†é¦™æ¸¯ä»æœƒæƒ³è¦åˆ°é€™è£¡ï¼Œæˆ¿é–“ç©ºé–“å¯¬æ•žè¨­å‚™ä¹Ÿå¾ˆé½Šå…¨ï¼Œæ˜¯å¾ˆä¸éŒ¯çš„é«”é©—ã€‚,ç„¡èˆ‡å€«æ¯”,10.0
2018å¹´04æœˆ07æ—¥,"äººå“¡æœå‹™å¾ˆå¥½ï¼Œæˆ¿é–“ä¹Ÿå¾ˆä¹¾æ·¨
æˆ‘å€‘æ˜¯ä½ä½Žæ¨“å±¤æµ·ç£æˆ¿ï¼Œä½†æ˜¯1Fæˆ¶å¤– èŠ±åœ’å€é–‹æ”¾åˆ°å‡Œæ™¨01:00é‚„æ˜¯02:00ï¼Œå®¢äººå€‘èŠå¤©çš„è²éŸ³åœ¨æˆ¿é–“éƒ½è½å¾—åˆ°ï¼Œæ²’æˆ´è€³å¡žå°±ä¸èƒ½å¥½å¥½å…¥ç¡>_<    å¹¾åå¹´çš„çŽ»ç’ƒéš”éŸ³ä¸è¡Œäº†! ! (å…¶å¯¦ç™½å¤©çš„è»Šå­è²éŸ³ä¹Ÿè½å¾—å¾ˆæ¸…æ¥š)  æ‡‰è©²æ˜¯é£¯åº—æ¥­è€…è¦è€ƒæ…®æ”¹å–„çš„åœ°æ–¹ ã€‚
",è‰¯å¥½,6.0
2018å¹´02æœˆ25æ—¥,è£…ä¿®æœ‰ç‚¹æ—§äº†ï¼Œæˆ‘ä»¬ç†è§£ï¼Œè·ç¦»æµ·æ¸¯åŸŽé‚£ä¸€å—å„¿æœ‰ç‚¹è¿œ,ç„¡èˆ‡å€«æ¯”,10.0
2017å¹´12æœˆ22æ—¥,"Good location, convinent, wonderful service",ç„¡èˆ‡å€«æ¯”,10.0
2017å¹´12æœˆ20æ—¥,"Great location, good service.  Check-in line was long and moved really slowly though, I wonder why ?",å¿ƒæ°´ä¹‹é¸,8.0
2017å¹´11æœˆ19æ—¥,æœåŠ¡å¾ˆå¥½ï¼Œåœ°ç‚¹å¾ˆæ£’ã€‚é…’åº—å¤§å ‚å·¥ä½œäººå‘˜éžå¸¸çƒ­æƒ…ï¼Œæ‰“è½¦æœåŠ¡éžå¸¸åˆ°ä½ã€‚ä¸‹æ¬¡å†æ¥å¯ä»¥è€ƒè™‘å†æ¬¡å…¥ä½ï¼å”¯ä¸€çš„ç¼ºé™·å°±æ˜¯æ¥¼æ•°ä¸æ˜¯å¾ˆé«˜ï¼Œæµ·æ™¯æ— æ³•åŒ…æ‹¬å®Œæ•´ç»´å¤šåˆ©äºšæ™¯è‰²ã€‚,ç„¡èˆ‡å€«æ¯”,10.0
2017å¹´11æœˆ08æ—¥,CP å€¼ä¸éŒ¯ï¼Œæˆ¿é–“å¤§å°é©ä¸­ï¼Œä½†å°±é›¢æ¸¯å³¶é äº†é»žã€‚                                                      ,å¿ƒæ°´ä¹‹é¸,8.0
2017å¹´10æœˆ13æ—¥,"å‡ç´šæˆè±ªè¯é–£é ‚å±¤ä½å®¿å¾ˆæ£’
æˆ¿é–“ä¹¾æ·¨æ•´æ½”ï¼Œæ¯æ¬¡å‡ºåŽ»å›žä¾†éƒ½æœ‰äººé€²ä¾†æ•´ç†
éžå¸¸æŽ¨è–¦è±ªè¯é–£çš„æ—©é¤å’–å•¡å’Œæ™¯è§€ï¼Œ
æœ‰ä¾†å…¥ä½ä¸€å®šè¦ä¸ŠåŽ»çœ‹çœ‹å“¦
ä½†æ˜¯é£¯åº—æä¾›çš„è‡ªåŠ©æ—©é¤å»ä¸æ€Žéº¼æ¨£
ä¸‹æ¬¡æœƒæƒ³è¦å†ä½çš„é£¯åº—",ç„¡èˆ‡å€«æ¯”,10.0
2017å¹´07æœˆ08æ—¥,"My wife and I both got a flu using our stay. We called the guest service desk, they have us the place to see the doctor. Surprisingly all the staff know we were not feeling well since then. From the room cleaning lady, to the Chinese restaurant manager (they cook a pot of ginger tea for us), to the front desk lady (she granted us a late check out until 5pm), were all so nice and personal. 
As a business person, I traveled many many places and stayed many many hotel, but this one really impressed me!
If we didn't got sick, may be I won't discover the excellent training of this hotel staff! Truly deserved the 5-star rating.",ç„¡èˆ‡å€«æ¯”,10.0
2017å¹´06æœˆ15æ—¥,è®¾æ–½æœ‰äº›è€æ—§ï¼Œä½†è¿˜ç®—ä¸é”™,å¿ƒæ°´ä¹‹é¸,8.0
2017å¹´04æœˆ16æ—¥,å¾žæ©Ÿå ´å¿«ç·šä¸‹è»Šä¹‹å¾Œå¯ä»¥æ­K3å…è²»æŽ¥é§è»Šï¼Œæœ€å¾Œä¸€ç«™å°±æ˜¯ä¹é¾é¦™æ ¼é‡Œæ‹‰é£¯åº—ï¼Œç›´æŽ¥é€åˆ°é–€å£éžå¸¸æ–¹ä¾¿ã€‚æˆ‘å€‘ä¸€ä¸‹å…è²»æŽ¥é§è»Šå°±é¦¬ä¸Šæœ‰å¾ˆç¾Žçš„é£¯åº—äººå“¡å¾ˆæœ‰ç¦®è²Œé¢å¸¶å¾®ç¬‘çš„ä¾†è¿ŽæŽ¥æˆ‘å€‘ï¼Œæ„Ÿè¦ºå¿ƒæƒ…å¾ˆç¾Žå¥½ã€‚å¥¹å¸¶æˆ‘å€‘åˆ°æ«ƒå°check in èˆ‡å¯„è¡ŒæŽã€‚æ•´é«”ä¸Šé£¯åº—äººå“¡éƒ½å¾ˆè¦ªåˆ‡ï¼Œæ¯ä½äººå“¡éƒ½é¢å¸¶å¾®ç¬‘ã€ç†±å¿ƒå¹«å¿™ï¼Œæœå‹™è¶…ç´šå¥½ã€‚å°¤å…¶æ˜¯hostå¾ˆæ¼‚äº®åˆsuper nice! é£¯åº—ä¸€èµ°é€²åŽ»æ„Ÿè¦ºå¾ˆè±ªè¯ï¼Œæ•´å€‹å¾ˆèˆ’æœã€‚é£¯åº—çš„æˆ¿é–“è »å¤§çš„ï¼Œèƒ½çœ‹åˆ°å¾ˆç¾Žç¶­å¤šåˆ©äºžæ¸¯å’Œå°å²¸å£¯è§€çš„buildings. åºŠå¾ˆèˆ’æœï¼Œæµ´å®¤ä¹Ÿå¾ˆå¤§ã€‚è¡£æ«¥è£¡é¢æœ‰ç†¨æ–—ï¼Œå®Œå…¨ä¸æ€•è¥¯è¡«å¸¶åˆ°é£¯åº—å¾ˆçšºï¼Œè¶…ç´šè²¼å¿ƒçš„ï¼é£¯åº—åœ°é»žéžå¸¸çš„å¾ˆå¥½ï¼Œèµ°å‡ºåŽ»å°±æ˜¯å°–æ±/å°–æ²™å’€ç«™ï¼Œæœ‰åœ°éµåˆ°å“ªè£¡éƒ½å¾ˆæ–¹ä¾¿ï¼ä¸ç”¨èµ°åˆ°å¤©è’åœ°è€ï¼Œæ—é‚Šå°±æœ‰åƒçš„ï¼Œå°é¢ä¹Ÿæœ‰æ˜Ÿå·´å…‹ã€‚è¶…ç´šæŽ¨è–¦çš„é£¯åº—ï¼ä¸‹æ¬¡ä¾†æˆ‘é‚„æœƒä½é€™è£¡ï¼,å¿ƒæ°´ä¹‹é¸,8.0
2017å¹´02æœˆ08æ—¥,æœåŠ¡ä¸€çº§ï¼ŒWi-Fiå¤ªæ…¢,ç„¡èˆ‡å€«æ¯”,10.0
2019å¹´09æœˆ28æ—¥,"View from the window, assistance of the staff, comfortable beds.",å¿ƒæ°´ä¹‹é¸,8.0
2019å¹´09æœˆ28æ—¥,"Rooms are spacious and clean, atmosphere quite cozy 
Everything deserves a FiveStar Rating no doubt!
Only thing if I were to not give it ðŸ’¯ would be the building itself is kinda outdated comparing to the newly build Rosewood just down the street of cuz with a much higher price tag.. but definitely will stay here again and any Shangri-la hotels in da world
Theyâ€™re worth the money!",ç„¡èˆ‡å€«æ¯”,10.0
2019å¹´09æœˆ28æ—¥,"Everything here was excellent. The staff was wonderful, the location was great, and the facility was impeccable.",ç„¡èˆ‡å€«æ¯”,10.0
2019å¹´09æœˆ24æ—¥,"I travel a lot and would have to say that this Hotel ranks up in my top 3 hotels to stay worldwide. excellent service, excellent room and excellent food and refreshments. The location is also very convenient on the kowloon side and it is a short walk to the star Ferry and the Ocean terminal. will definately be staying on my next trip early next year",ç„¡èˆ‡å€«æ¯”,10.0
2019å¹´09æœˆ26æ—¥,"Wonderful room. Greatest shower in the history of humankind. Terrific view. Very nicely located for sightseeing and transit opportunities. Very friendly and helpful staff. If, no when I go back to HK I will be staying at the Shangri-la in Kowloon.",ç„¡èˆ‡å€«æ¯”,10.0
2019å¹´09æœˆ17æ—¥,"Amazing service and comfortable, clean accommodations.",ç„¡èˆ‡å€«æ¯”,10.0
2019å¹´09æœˆ16æ—¥,Location is great. Quiet and nearby the metro station. Pricey for the season and staff is ok but lacks friendliness. Cleaning of room leaving something to be desired. Room carpets are old and difficult to clean. Rooms smell cigarrete smoke from previous customers. Persisted for entire week.,å¿ƒæ°´ä¹‹é¸,8.0
2019å¹´09æœˆ14æ—¥,"Great location , good Close to Mtr and wonderful customer service.",å¿ƒæ°´ä¹‹é¸,8.0
2019å¹´09æœˆ18æ—¥,"pay for the bay view on a high floor, good health club",ç„¡èˆ‡å€«æ¯”,10.0
2019å¹´09æœˆ11æ—¥,The service staff were pleasing to work with. Always ready to help. ,å¿ƒæ°´ä¹‹é¸,8.0
2019å¹´09æœˆ13æ—¥,Good place to fxxk,å¿ƒæ°´ä¹‹é¸,8.0
2019å¹´09æœˆ07æ—¥,Near all restaurants shops all nearby near the Kowloon harbour,å¿ƒæ°´ä¹‹é¸,8.0
2019å¹´09æœˆ05æ—¥,"Beautiful hotel, excellent location right next to TST East. The room was in immaculate condition and service was efficient and delivered with a smile every time. The bar was not good, however, hence only 4 out of 5. We used the Intercontinentalâ€™s lounge bar in the evening a few times instead. Otherwise, absolutely fantastic hotel at a great price. ",å¿ƒæ°´ä¹‹é¸,8.0
2019å¹´09æœˆ01æ—¥,"Superb in every respect. Huge room, great beds/bedding, highly recommended in all respects.",ç„¡èˆ‡å€«æ¯”,10.0
2019å¹´09æœˆ05æ—¥,"10/10
Would not hesistant to stay here again, friendly staff, good location to shops and restuarants.",ç„¡èˆ‡å€«æ¯”,10.0
2019å¹´09æœˆ04æ—¥,"The room is very spacious and bright. The location is very convenient,  it is next to Tsim Sha Tsui East MTR station, it is very easy going everywhere. There are many shopping, eating and drinking places around. The hotel provides many quality amenities/toiletries. Our king bed is very comfy.  The seaview room has a very nice harbour view. The doormen, porters and receptionists are very helpful.  We highly recommend this hotel. ",ç„¡èˆ‡å€«æ¯”,10.0
2019å¹´08æœˆ30æ—¥,The service overall us good except the service in the Tapas Bar is a bit slow. Waited long time and had to signalled to the waiter/waitress to come taking our order.  ,å¿ƒæ°´ä¹‹é¸,8.0
2019å¹´08æœˆ29æ—¥,"We upgraded to harbor view room. The room was amazing, big, beautiful, and unforgettable views.  We love the location.",ç„¡èˆ‡å€«æ¯”,10.0
2019å¹´08æœˆ26æ—¥,My favorite hotel in HK because of the friendly and accommodating staff and the location due to accessibility to public transportation and the availability of numerous restaurants.,å¿ƒæ°´ä¹‹é¸,8.0
2019å¹´08æœˆ27æ—¥,We used to live in HK and would prefer the location of Shangrila due to the accessibility to public transportation and the availability of so many restaurants around the area.,å¿ƒæ°´ä¹‹é¸,8.0
2019å¹´08æœˆ28æ—¥,"Classic Nice hotel, good location, the staff is friendly",å¿ƒæ°´ä¹‹é¸,8.0
2019å¹´08æœˆ23æ—¥,"Disappointed by the rather outdated decor and room condition of a Shangri-La establishment. Request for late checkout was met with, â€œweâ€™ll charge you half day ratesâ€. Never happened with Intercontinental or Marriott hotels Iâ€™ve put up at. Location is good though as it is accessible to a lot of eateries and convenient to move around.",è‰¯å¥½,6.0
2019å¹´08æœˆ25æ—¥,"Great location, clean, very comfortable bed and great room with good amenities, the Kowloon Shangrii-La is just what the doctor ordered after a long, international flight.  

My room was extremely quiet with shutters and drapes which keep it nice and dark for sleeping in.  

The king sized bed was fantastic, the bathroom had both a bathtub and a great shower with wonderful water pressure and hot water.

The mini bar was nice and well stocked.  I ordered room service and the food was above average.

The hotel is a bit pricey, but sometimes you get what you pay for.  

There could be more premium movie channels (there were none from my experience).",å¿ƒæ°´ä¹‹é¸,8.0
2019å¹´08æœˆ19æ—¥,An excellent hotel ! We were very happy and will definitely make this our choice for our next visit to Hong Kong.,ç„¡èˆ‡å€«æ¯”,10.0
2019å¹´08æœˆ16æ—¥,,ç„¡èˆ‡å€«æ¯”,10.0
2019å¹´08æœˆ08æ—¥,"This hotel is very close to the ocean and the night view from its window is splendid. It is a very fancy, nice hotel.",ç„¡èˆ‡å€«æ¯”,10.0
2019å¹´07æœˆ07æ—¥,"By far one of the best hotels weâ€™ve ever stayed in. Excellent service from the staff who constantly ensured we had a wonderful stay. The room was amazing with a fantastic view. The little things like free water in the room and a teapot of chinese tea weâ€™re lovely extra touches.
Would highly recommend as well worth the money!",ç„¡èˆ‡å€«æ¯”,10.0
2019å¹´08æœˆ07æ—¥,"Have stayed in many different Shangri La Hotels, but this one is most definitely one of the best.  From the moment we arrived Ms Cynthia Law looked after us meticulously until we check out.  All of the staff, facilities, environment and everything else is outstanding.  Highly highly recommend it:-)

Thank you Cynthia for your wonderful service!!!!",ç„¡èˆ‡å€«æ¯”,10.0
2019å¹´07æœˆ29æ—¥,Room was very spacious and well appointed. Location good on waterfront. ,å¿ƒæ°´ä¹‹é¸,8.0
2019å¹´07æœˆ31æ—¥,great location. very nice property.. friendly staff,ç„¡èˆ‡å€«æ¯”,10.0
